{
    "[128]False": {
        "train_accuracyFalse": [
            38.75756766381766,
            42.529157763532766,
            44.598023504273506,
            46.18945868945869,
            47.46750356125356,
            48.58625652896486,
            49.55993080993081,
            50.37754852207977,
            51.136633428300094,
            51.83582621082621,
            52.48336732711733,
            53.091427765906936,
            53.671857878588646,
            54.2423433048433,
            54.749673551756885,
            55.270098824786324,
            55.738069800569804,
            56.17692010921178,
            56.610811216074374,
            57.034922542735046
        ],
        "train_lossFalse": [
            1.8787678235616438,
            1.5339405105324553,
            1.4655257955915229,
            1.4130359877887955,
            1.3663587512453736,
            1.3330363928422628,
            1.2962959204983509,
            1.2753343656871394,
            1.244029151408421,
            1.2165446857101896,
            1.1973966506132034,
            1.1759290223108059,
            1.16265032213298,
            1.1275281597066809,
            1.1297221448686388,
            1.0871583070510473,
            1.0842865902474124,
            1.0741954473009137,
            1.0496329549710635,
            1.0446868633952235
        ],
        "valid_lossFalse": [
            1.6004446208477021,
            1.6819695860147477,
            1.5312809646129608,
            1.4867100358009337,
            1.4545583993196487,
            1.5063369780778886,
            1.4762677699327469,
            1.4861876577138902,
            1.5270946979522706,
            1.7086608707904816,
            1.5725173383951188,
            1.5327829837799072,
            1.566203597187996,
            1.5915933430194855,
            1.5338920116424561,
            1.6192885249853135,
            1.7984451800584793,
            1.7878134429454804,
            1.731027114391327,
            1.707950085401535
        ],
        "validation_accuracyFalse": [
            44.0,
            43.93,
            44.98,
            45.76,
            46.356,
            46.79,
            47.28285714285714,
            47.6025,
            47.715555555555554,
            47.712,
            47.836363636363636,
            48.07,
            48.19846153846154,
            48.255714285714284,
            48.48266666666667,
            48.55625,
            48.476470588235294,
            48.48888888888889,
            48.50105263157895,
            48.489
        ]
    },
    "[128]True": {
        "train_accuracyTrue": [
            40.482549857549856,
            44.16956018518518,
            46.3667794396961,
            47.950609864672366,
            49.25347222222222,
            50.35204475308642,
            51.335470085470085,
            52.197404736467234,
            52.95435660018993,
            53.66497507122507,
            54.34978794353794,
            54.977964743589745,
            55.5637738330046,
            56.112637362637365,
            56.63535731244065,
            57.14615607193732,
            57.644126026478965,
            58.10012068692624,
            58.54068263607737,
            58.974470263532766
        ],
        "train_lossTrue": [
            1.6880594491958618,
            1.4945164514742686,
            1.412153814592932,
            1.3535595388493986,
            1.3076333755101912,
            1.2691690013279602,
            1.2323000855595299,
            1.203757530094212,
            1.1763764178311382,
            1.1472886771897646,
            1.1187971872821492,
            1.101445324740179,
            1.0776232734025373,
            1.0599942023937519,
            1.0389227469762166,
            1.0185439260596902,
            1.000117041786172,
            0.9861740568424562,
            0.9683311999353588,
            0.9523645092619111
        ],
        "valid_lossTrue": [
            1.5656387388706208,
            1.5020746111869812,
            1.4620320856571198,
            1.4230534583330154,
            1.4192288368940353,
            1.4366946190595626,
            1.4097322821617126,
            1.3878765463829041,
            1.4059569209814071,
            1.4225064516067505,
            1.41977219581604,
            1.40531724691391,
            1.430304217338562,
            1.4513908594846725,
            1.4151290714740754,
            1.4196111172437669,
            1.484403133392334,
            1.4715322852134705,
            1.4712360829114914,
            1.514367225766182
        ],
        "validation_accuracyTrue": [
            45.28,
            46.67,
            47.57333333333333,
            48.415,
            48.904,
            49.096666666666664,
            49.47142857142857,
            49.775,
            49.96666666666667,
            50.152,
            50.28181818181818,
            50.50833333333333,
            50.65538461538461,
            50.674285714285716,
            50.784,
            50.86375,
            50.90705882352941,
            50.90222222222222,
            50.89052631578947,
            50.847
        ]
    },
    "[256, 128]False": {
        "train_accuracyFalse": [
            39.469818376068375,
            43.6420495014245,
            46.35490859449193,
            48.43082264957265,
            50.1696047008547,
            51.776546177587846,
            53.224842287342284,
            54.52640892094017,
            55.750929882874324,
            56.87744836182336,
            57.96648374773375,
            58.981036324786324,
            59.94685513916283,
            60.86071047008547,
            61.75673670465337,
            62.619774973290596,
            63.43797134238311,
            64.22424026590693,
            65.00412355675513,
            65.7390714031339
        ],
        "train_lossFalse": [
            1.7381588838718556,
            1.4774359257472547,
            1.3677396179943682,
            1.2838737886515779,
            1.208591475446,
            1.142681853553848,
            1.0838555999291248,
            1.0322713395129581,
            0.9813465338486892,
            0.9374557910142122,
            0.8897338726921299,
            0.8481108279649349,
            0.8077550226466947,
            0.7696131004227532,
            0.7277620710708477,
            0.6955947910788393,
            0.6635142695530187,
            0.6347312140159118,
            0.5972101580553245,
            0.5799598899322358
        ],
        "valid_lossFalse": [
            1.573187956213951,
            1.5209051072597504,
            1.475445458292961,
            1.457049435377121,
            1.462079679965973,
            1.483313548564911,
            1.5125846892595292,
            1.5072740584611892,
            1.559264588356018,
            1.53634934425354,
            1.5566194921731948,
            1.7046072423458098,
            1.6716752499341965,
            1.709727168083191,
            1.7231240421533585,
            1.8126560419797897,
            1.8577740371227265,
            1.9340564370155335,
            1.9683061867952347,
            2.0506607204675675
        ],
        "validation_accuracyFalse": [
            44.56,
            45.67,
            46.473333333333336,
            47.255,
            47.688,
            47.96,
            48.13428571428572,
            48.3275,
            48.52444444444444,
            48.78,
            49.00909090909091,
            48.998333333333335,
            49.066153846153846,
            49.05142857142857,
            49.128,
            49.23,
            49.26705882352941,
            49.24666666666667,
            49.230526315789476,
            49.205
        ]
    },