{
    "gaussian_noise_transform_0": 17.480000000000004,
    "gaussian_blur_transform_0": 17.480000000000004,
    "contrast_transform_0": 17.480000000000004,
    "jpeg_transform_0": 17.480000000000004
}