{
    "gaussian_noise_transform_0": 16.709999999999994,
    "gaussian_blur_transform_0": 16.709999999999994,
    "contrast_transform_0": 16.709999999999994,
    "jpeg_transform_0": 16.709999999999994
}