{
    "gaussian_noise_transform_0": 15.430000000000007,
    "gaussian_blur_transform_0": 15.430000000000007,
    "contrast_transform_0": 15.430000000000007,
    "jpeg_transform_0": 15.430000000000007
}