{
    "gaussian_noise_transform_0": 17.939999999999998,
    "gaussian_blur_transform_0": 17.939999999999998,
    "contrast_transform_0": 17.939999999999998,
    "jpeg_transform_0": 17.939999999999998
}